event_time_utc,event_timestamp_ms,calendar_ids,events_zh,events_en,actual,forecast,previous,prev_initial,unit,ccy,importance,region,window_start_utc,window_end_exclusive_utc,rows,status,file
"2024-01-05T13:30:00.000Z","1704461400000","Non Farm Payrolls@1704461400000;Unemployment Rate@1704461400000","非农就业人数；失业率","Non Farm Payrolls;Unemployment Rate",";",";",";",";",";",";","3;3","United States;United States","2024-01-05T13:00:00.000Z","2024-01-05T14:30:00.000Z","5400","complete","BTCUSDT-spot-1s-event-2024-01-05T13-30-00-000Z.csv"
"2024-01-11T13:30:00.000Z","1704979800000","Core Inflation Rate YoY@1704979800000;Inflation Rate YoY@1704979800000","核心通胀率同比；通胀率同比","Core Inflation Rate YoY;Inflation Rate YoY",";",";",";",";",";",";","3;3","United States;United States","2024-01-11T13:00:00.000Z","2024-01-11T14:30:00.000Z","5400","complete","BTCUSDT-spot-1s-event-2024-01-11T13-30-00-000Z.csv"
"2024-01-31T19:00:00.000Z","1706727600000","Fed Interest Rate Decision@1706727600000","美联储利率决议","Fed Interest Rate Decision","","","","","","","3","United States","2024-01-31T18:30:00.000Z","2024-01-31T20:00:00.000Z","5400","complete","BTCUSDT-spot-1s-event-2024-01-31T19-00-00-000Z.csv"
"2024-02-02T13:30:00.000Z","1706880600000","Non Farm Payrolls@1706880600000;Unemployment Rate@1706880600000","非农就业人数；失业率","Non Farm Payrolls;Unemployment Rate",";",";",";",";",";",";","3;3","United States;United States","2024-02-02T13:00:00.000Z","2024-02-02T14:30:00.000Z","5400","complete","BTCUSDT-spot-1s-event-2024-02-02T13-30-00-000Z.csv"
"2024-02-13T13:30:00.000Z","1707831000000","Core Inflation Rate YoY@1707831000000;Inflation Rate YoY@1707831000000","核心通胀率同比；通胀率同比","Core Inflation Rate YoY;Inflation Rate YoY",";",";",";",";",";",";","3;3","United States;United States","2024-02-13T13:00:00.000Z","2024-02-13T14:30:00.000Z","5400","complete","BTCUSDT-spot-1s-event-2024-02-13T13-30-00-000Z.csv"
"2024-03-08T13:30:00.000Z","1709904600000","Non Farm Payrolls@1709904600000;Unemployment Rate@1709904600000","非农就业人数；失业率","Non Farm Payrolls;Unemployment Rate",";",";",";",";",";",";","3;3","United States;United States","2024-03-08T13:00:00.000Z","2024-03-08T14:30:00.000Z","5400","complete","BTCUSDT-spot-1s-event-2024-03-08T13-30-00-000Z.csv"
"2024-03-12T12:30:00.000Z","1710246600000","Core Inflation Rate YoY@1710246600000;Inflation Rate YoY@1710246600000","核心通胀率同比；通胀率同比","Core Inflation Rate YoY;Inflation Rate YoY",";",";",";",";",";",";","3;3","United States;United States","2024-03-12T12:00:00.000Z","2024-03-12T13:30:00.000Z","5400","complete","BTCUSDT-spot-1s-event-2024-03-12T12-30-00-000Z.csv"
"2024-03-20T18:00:00.000Z","1710957600000","Fed Interest Rate Decision@1710957600000","美联储利率决议","Fed Interest Rate Decision","","","","","","","3","United States","2024-03-20T17:30:00.000Z","2024-03-20T19:00:00.000Z","5400","complete","BTCUSDT-spot-1s-event-2024-03-20T18-00-00-000Z.csv"
"2024-03-28T12:30:00.000Z","1711629000000","GDP Growth Rate QoQ Final@1711629000000","国内生产总值（GDP）增长率季环比终值","GDP Growth Rate QoQ Final","","","","","","","3","United States","2024-03-28T12:00:00.000Z","2024-03-28T13:30:00.000Z","5400","complete","BTCUSDT-spot-1s-event-2024-03-28T12-30-00-000Z.csv"
"2024-04-05T12:30:00.000Z","1712320200000","Non Farm Payrolls@1712320200000;Unemployment Rate@1712320200000","非农就业人数；失业率","Non Farm Payrolls;Unemployment Rate",";",";",";",";",";",";","3;3","United States;United States","2024-04-05T12:00:00.000Z","2024-04-05T13:30:00.000Z","5400","complete","BTCUSDT-spot-1s-event-2024-04-05T12-30-00-000Z.csv"
"2024-04-10T12:30:00.000Z","1712752200000","Core Inflation Rate YoY@1712752200000;Inflation Rate YoY@1712752200000","核心通胀率同比；通胀率同比","Core Inflation Rate YoY;Inflation Rate YoY",";",";",";",";",";",";","3;3","United States;United States","2024-04-10T12:00:00.000Z","2024-04-10T13:30:00.000Z","5400","complete","BTCUSDT-spot-1s-event-2024-04-10T12-30-00-000Z.csv"
"2024-05-01T18:00:00.000Z","1714586400000","Fed Interest Rate Decision@1714586400000","美联储利率决议","Fed Interest Rate Decision","","","","","","","3","United States","2024-05-01T17:30:00.000Z","2024-05-01T19:00:00.000Z","5400","complete","BTCUSDT-spot-1s-event-2024-05-01T18-00-00-000Z.csv"
"2024-05-03T12:30:00.000Z","1714739400000","Non Farm Payrolls@1714739400000;Unemployment Rate@1714739400000","非农就业人数；失业率","Non Farm Payrolls;Unemployment Rate",";",";",";",";",";",";","3;3","United States;United States","2024-05-03T12:00:00.000Z","2024-05-03T13:30:00.000Z","5400","complete","BTCUSDT-spot-1s-event-2024-05-03T12-30-00-000Z.csv"
"2024-05-15T12:30:00.000Z","1715776200000","Core Inflation Rate YoY@1715776200000;Inflation Rate YoY@1715776200000","核心通胀率同比；通胀率同比","Core Inflation Rate YoY;Inflation Rate YoY",";",";",";",";",";",";","3;3","United States;United States","2024-05-15T12:00:00.000Z","2024-05-15T13:30:00.000Z","5400","complete","BTCUSDT-spot-1s-event-2024-05-15T12-30-00-000Z.csv"
"2024-06-07T12:30:00.000Z","1717763400000","Non Farm Payrolls@1717763400000;Unemployment Rate@1717763400000","非农就业人数；失业率","Non Farm Payrolls;Unemployment Rate",";",";",";",";",";",";","3;3","United States;United States","2024-06-07T12:00:00.000Z","2024-06-07T13:30:00.000Z","5400","complete","BTCUSDT-spot-1s-event-2024-06-07T12-30-00-000Z.csv"
"2024-06-12T12:30:00.000Z","1718195400000","Core Inflation Rate YoY@1718195400000;Inflation Rate YoY@1718195400000","核心通胀率同比；通胀率同比","Core Inflation Rate YoY;Inflation Rate YoY",";",";",";",";",";",";","3;3","United States;United States","2024-06-12T12:00:00.000Z","2024-06-12T13:30:00.000Z","5400","complete","BTCUSDT-spot-1s-event-2024-06-12T12-30-00-000Z.csv"
"2024-06-12T18:00:00.000Z","1718215200000","Fed Interest Rate Decision@1718215200000","美联储利率决议","Fed Interest Rate Decision","","","","","","","3","United States","2024-06-12T17:30:00.000Z","2024-06-12T19:00:00.000Z","5400","complete","BTCUSDT-spot-1s-event-2024-06-12T18-00-00-000Z.csv"
"2024-06-27T12:30:00.000Z","1719491400000","GDP Growth Rate QoQ Final@1719491400000","国内生产总值（GDP）增长率季环比终值","GDP Growth Rate QoQ Final","","","","","","","3","United States","2024-06-27T12:00:00.000Z","2024-06-27T13:30:00.000Z","5400","complete","BTCUSDT-spot-1s-event-2024-06-27T12-30-00-000Z.csv"
"2024-07-05T12:30:00.000Z","1720182600000","Non Farm Payrolls@1720182600000;Unemployment Rate@1720182600000","非农就业人数；失业率","Non Farm Payrolls;Unemployment Rate",";",";",";",";",";",";","3;3","United States;United States","2024-07-05T12:00:00.000Z","2024-07-05T13:30:00.000Z","5400","complete","BTCUSDT-spot-1s-event-2024-07-05T12-30-00-000Z.csv"
"2024-07-11T12:30:00.000Z","1720701000000","Core Inflation Rate YoY@1720701000000;Inflation Rate YoY@1720701000000","核心通胀率同比；通胀率同比","Core Inflation Rate YoY;Inflation Rate YoY",";",";",";",";",";",";","3;3","United States;United States","2024-07-11T12:00:00.000Z","2024-07-11T13:30:00.000Z","5400","complete","BTCUSDT-spot-1s-event-2024-07-11T12-30-00-000Z.csv"
"2024-07-31T18:00:00.000Z","1722448800000","Fed Interest Rate Decision@1722448800000","美联储利率决议","Fed Interest Rate Decision","","","","","","","3","United States","2024-07-31T17:30:00.000Z","2024-07-31T19:00:00.000Z","5400","complete","BTCUSDT-spot-1s-event-2024-07-31T18-00-00-000Z.csv"
"2024-08-02T12:30:00.000Z","1722601800000","Non Farm Payrolls@1722601800000;Unemployment Rate@1722601800000","非农就业人数；失业率","Non Farm Payrolls;Unemployment Rate",";",";",";",";",";",";","3;3","United States;United States","2024-08-02T12:00:00.000Z","2024-08-02T13:30:00.000Z","5400","complete","BTCUSDT-spot-1s-event-2024-08-02T12-30-00-000Z.csv"
"2024-08-14T12:30:00.000Z","1723638600000","Core Inflation Rate YoY@1723638600000;Inflation Rate YoY@1723638600000","核心通胀率同比；通胀率同比","Core Inflation Rate YoY;Inflation Rate YoY",";",";",";",";",";",";","3;3","United States;United States","2024-08-14T12:00:00.000Z","2024-08-14T13:30:00.000Z","5400","complete","BTCUSDT-spot-1s-event-2024-08-14T12-30-00-000Z.csv"
"2024-09-06T12:30:00.000Z","1725625800000","Non Farm Payrolls@1725625800000;Unemployment Rate@1725625800000","非农就业人数；失业率","Non Farm Payrolls;Unemployment Rate",";",";",";",";",";",";","3;3","United States;United States","2024-09-06T12:00:00.000Z","2024-09-06T13:30:00.000Z","5400","complete","BTCUSDT-spot-1s-event-2024-09-06T12-30-00-000Z.csv"
"2024-09-11T12:30:00.000Z","1726057800000","Core Inflation Rate YoY@1726057800000;Inflation Rate YoY@1726057800000","核心通胀率同比；通胀率同比","Core Inflation Rate YoY;Inflation Rate YoY",";",";",";",";",";",";","3;3","United States;United States","2024-09-11T12:00:00.000Z","2024-09-11T13:30:00.000Z","5400","complete","BTCUSDT-spot-1s-event-2024-09-11T12-30-00-000Z.csv"
"2024-09-18T18:00:00.000Z","1726682400000","Fed Interest Rate Decision@1726682400000","美联储利率决议","Fed Interest Rate Decision","","","","","","","3","United States","2024-09-18T17:30:00.000Z","2024-09-18T19:00:00.000Z","5400","complete","BTCUSDT-spot-1s-event-2024-09-18T18-00-00-000Z.csv"
"2024-09-26T12:30:00.000Z","1727353800000","GDP Growth Rate QoQ Final@1727353800000","国内生产总值（GDP）增长率季环比终值","GDP Growth Rate QoQ Final","","","","","","","3","United States","2024-09-26T12:00:00.000Z","2024-09-26T13:30:00.000Z","5400","complete","BTCUSDT-spot-1s-event-2024-09-26T12-30-00-000Z.csv"
"2024-10-04T12:30:00.000Z","1728045000000","Non Farm Payrolls@1728045000000;Unemployment Rate@1728045000000","非农就业人数；失业率","Non Farm Payrolls;Unemployment Rate",";",";",";",";",";",";","3;3","United States;United States","2024-10-04T12:00:00.000Z","2024-10-04T13:30:00.000Z","5400","complete","BTCUSDT-spot-1s-event-2024-10-04T12-30-00-000Z.csv"
"2024-10-10T12:30:00.000Z","1728563400000","Core Inflation Rate YoY@1728563400000;Inflation Rate YoY@1728563400000","核心通胀率同比；通胀率同比","Core Inflation Rate YoY;Inflation Rate YoY",";",";",";",";",";",";","3;3","United States;United States","2024-10-10T12:00:00.000Z","2024-10-10T13:30:00.000Z","5400","complete","BTCUSDT-spot-1s-event-2024-10-10T12-30-00-000Z.csv"
"2024-11-01T12:30:00.000Z","1730464200000","Non Farm Payrolls@1730464200000;Unemployment Rate@1730464200000","非农就业人数；失业率","Non Farm Payrolls;Unemployment Rate",";",";",";",";",";",";","3;3","United States;United States","2024-11-01T12:00:00.000Z","2024-11-01T13:30:00.000Z","5400","complete","BTCUSDT-spot-1s-event-2024-11-01T12-30-00-000Z.csv"
"2024-11-07T19:00:00.000Z","1731006000000","Fed Interest Rate Decision@1731006000000","美联储利率决议","Fed Interest Rate Decision","","","","","","","3","United States","2024-11-07T18:30:00.000Z","2024-11-07T20:00:00.000Z","5400","complete","BTCUSDT-spot-1s-event-2024-11-07T19-00-00-000Z.csv"
"2024-11-13T13:30:00.000Z","1731504600000","Core Inflation Rate YoY@1731504600000;Inflation Rate YoY@1731504600000","核心通胀率同比；通胀率同比","Core Inflation Rate YoY;Inflation Rate YoY",";",";",";",";",";",";","3;3","United States;United States","2024-11-13T13:00:00.000Z","2024-11-13T14:30:00.000Z","5400","complete","BTCUSDT-spot-1s-event-2024-11-13T13-30-00-000Z.csv"
"2024-12-06T13:30:00.000Z","1733491800000","Non Farm Payrolls@1733491800000;Unemployment Rate@1733491800000","非农就业人数；失业率","Non Farm Payrolls;Unemployment Rate",";",";",";",";",";",";","3;3","United States;United States","2024-12-06T13:00:00.000Z","2024-12-06T14:30:00.000Z","5400","complete","BTCUSDT-spot-1s-event-2024-12-06T13-30-00-000Z.csv"
"2024-12-11T13:30:00.000Z","1733923800000","Core Inflation Rate YoY@1733923800000;Inflation Rate YoY@1733923800000","核心通胀率同比；通胀率同比","Core Inflation Rate YoY;Inflation Rate YoY",";",";",";",";",";",";","3;3","United States;United States","2024-12-11T13:00:00.000Z","2024-12-11T14:30:00.000Z","5400","complete","BTCUSDT-spot-1s-event-2024-12-11T13-30-00-000Z.csv"
"2024-12-18T19:00:00.000Z","1734548400000","Fed Interest Rate Decision@1734548400000","美联储利率决议","Fed Interest Rate Decision","","","","","","","3","United States","2024-12-18T18:30:00.000Z","2024-12-18T20:00:00.000Z","5400","complete","BTCUSDT-spot-1s-event-2024-12-18T19-00-00-000Z.csv"
"2024-12-19T13:30:00.000Z","1734615000000","GDP Growth Rate QoQ Final@1734615000000","国内生产总值（GDP）增长率季环比终值","GDP Growth Rate QoQ Final","","","","","","","3","United States","2024-12-19T13:00:00.000Z","2024-12-19T14:30:00.000Z","5400","complete","BTCUSDT-spot-1s-event-2024-12-19T13-30-00-000Z.csv"
"2025-01-10T13:30:00.000Z","1736515800000","Non Farm Payrolls@1736515800000;Unemployment Rate@1736515800000","非农就业人数；失业率","Non Farm Payrolls;Unemployment Rate",";",";",";",";",";",";","3;3","United States;United States","2025-01-10T13:00:00.000Z","2025-01-10T14:30:00.000Z","5400","complete","BTCUSDT-spot-1s-event-2025-01-10T13-30-00-000Z.csv"
"2025-01-15T13:30:00.000Z","1736947800000","Core Inflation Rate YoY@1736947800000;Inflation Rate YoY@1736947800000","核心通胀率同比；通胀率同比","Core Inflation Rate YoY;Inflation Rate YoY",";",";",";",";",";",";","3;3","United States;United States","2025-01-15T13:00:00.000Z","2025-01-15T14:30:00.000Z","5400","complete","BTCUSDT-spot-1s-event-2025-01-15T13-30-00-000Z.csv"
"2025-01-29T19:00:00.000Z","1738177200000","Fed Interest Rate Decision@1738177200000","美联储利率决议","Fed Interest Rate Decision","","","","","","","3","United States","2025-01-29T18:30:00.000Z","2025-01-29T20:00:00.000Z","5400","complete","BTCUSDT-spot-1s-event-2025-01-29T19-00-00-000Z.csv"
"2025-02-07T13:30:00.000Z","1738935000000","Non Farm Payrolls@1738935000000;Unemployment Rate@1738935000000","非农就业人数；失业率","Non Farm Payrolls;Unemployment Rate",";",";",";",";",";",";","3;3","United States;United States","2025-02-07T13:00:00.000Z","2025-02-07T14:30:00.000Z","5400","complete","BTCUSDT-spot-1s-event-2025-02-07T13-30-00-000Z.csv"
"2025-02-12T13:30:00.000Z","1739367000000","Core Inflation Rate YoY@1739367000000;Inflation Rate YoY@1739367000000","核心通胀率同比；通胀率同比","Core Inflation Rate YoY;Inflation Rate YoY",";",";",";",";",";",";","3;3","United States;United States","2025-02-12T13:00:00.000Z","2025-02-12T14:30:00.000Z","5400","complete","BTCUSDT-spot-1s-event-2025-02-12T13-30-00-000Z.csv"
"2025-03-07T13:30:00.000Z","1741354200000","Non Farm Payrolls@1741354200000;Unemployment Rate@1741354200000","非农就业人数；失业率","Non Farm Payrolls;Unemployment Rate",";",";",";",";",";",";","3;3","United States;United States","2025-03-07T13:00:00.000Z","2025-03-07T14:30:00.000Z","5400","complete","BTCUSDT-spot-1s-event-2025-03-07T13-30-00-000Z.csv"
"2025-03-12T12:30:00.000Z","1741782600000","Core Inflation Rate YoY@1741782600000;Inflation Rate YoY@1741782600000","核心通胀率同比；通胀率同比","Core Inflation Rate YoY;Inflation Rate YoY",";",";",";",";",";",";","3;3","United States;United States","2025-03-12T12:00:00.000Z","2025-03-12T13:30:00.000Z","5400","complete","BTCUSDT-spot-1s-event-2025-03-12T12-30-00-000Z.csv"
"2025-03-19T18:00:00.000Z","1742407200000","Fed Interest Rate Decision@1742407200000","美联储利率决议","Fed Interest Rate Decision","","","","","","","3","United States","2025-03-19T17:30:00.000Z","2025-03-19T19:00:00.000Z","5400","complete","BTCUSDT-spot-1s-event-2025-03-19T18-00-00-000Z.csv"
"2025-03-27T12:30:00.000Z","1743078600000","GDP Growth Rate QoQ Final@1743078600000","国内生产总值（GDP）增长率季环比终值","GDP Growth Rate QoQ Final","","","","","","","3","United States","2025-03-27T12:00:00.000Z","2025-03-27T13:30:00.000Z","5400","complete","BTCUSDT-spot-1s-event-2025-03-27T12-30-00-000Z.csv"
"2025-04-04T12:30:00.000Z","1743769800000","Non Farm Payrolls@1743769800000;Unemployment Rate@1743769800000","非农就业人数；失业率","Non Farm Payrolls;Unemployment Rate",";",";",";",";",";",";","3;3","United States;United States","2025-04-04T12:00:00.000Z","2025-04-04T13:30:00.000Z","5400","complete","BTCUSDT-spot-1s-event-2025-04-04T12-30-00-000Z.csv"
"2025-04-10T12:30:00.000Z","1744288200000","Core Inflation Rate YoY@1744288200000;Inflation Rate YoY@1744288200000","核心通胀率同比；通胀率同比","Core Inflation Rate YoY;Inflation Rate YoY",";",";",";",";",";",";","3;3","United States;United States","2025-04-10T12:00:00.000Z","2025-04-10T13:30:00.000Z","5400","complete","BTCUSDT-spot-1s-event-2025-04-10T12-30-00-000Z.csv"
"2025-05-02T12:30:00.000Z","1746189000000","Non Farm Payrolls@1746189000000;Unemployment Rate@1746189000000","非农就业人数；失业率","Non Farm Payrolls;Unemployment Rate",";",";",";",";",";",";","3;3","United States;United States","2025-05-02T12:00:00.000Z","2025-05-02T13:30:00.000Z","5400","complete","BTCUSDT-spot-1s-event-2025-05-02T12-30-00-000Z.csv"
"2025-05-07T18:00:00.000Z","1746640800000","Fed Interest Rate Decision@1746640800000","美联储利率决议","Fed Interest Rate Decision","","","","","","","3","United States","2025-05-07T17:30:00.000Z","2025-05-07T19:00:00.000Z","5400","complete","BTCUSDT-spot-1s-event-2025-05-07T18-00-00-000Z.csv"
"2025-05-13T12:30:00.000Z","1747139400000","Core Inflation Rate YoY@1747139400000;Inflation Rate YoY@1747139400000","核心通胀率同比；通胀率同比","Core Inflation Rate YoY;Inflation Rate YoY",";",";",";",";",";",";","3;3","United States;United States","2025-05-13T12:00:00.000Z","2025-05-13T13:30:00.000Z","5400","complete","BTCUSDT-spot-1s-event-2025-05-13T12-30-00-000Z.csv"
"2025-06-06T12:30:00.000Z","1749213000000","Non Farm Payrolls@1749213000000;Unemployment Rate@1749213000000","非农就业人数；失业率","Non Farm Payrolls;Unemployment Rate",";",";",";",";",";",";","3;3","United States;United States","2025-06-06T12:00:00.000Z","2025-06-06T13:30:00.000Z","5400","complete","BTCUSDT-spot-1s-event-2025-06-06T12-30-00-000Z.csv"
"2025-06-11T12:30:00.000Z","1749645000000","Core Inflation Rate YoY@1749645000000;Inflation Rate YoY@1749645000000","核心通胀率同比；通胀率同比","Core Inflation Rate YoY;Inflation Rate YoY",";",";",";",";",";",";","3;3","United States;United States","2025-06-11T12:00:00.000Z","2025-06-11T13:30:00.000Z","5400","complete","BTCUSDT-spot-1s-event-2025-06-11T12-30-00-000Z.csv"
"2025-06-18T18:00:00.000Z","1750269600000","Fed Interest Rate Decision@1750269600000","美联储利率决议","Fed Interest Rate Decision","","","","","","","3","United States","2025-06-18T17:30:00.000Z","2025-06-18T19:00:00.000Z","5400","complete","BTCUSDT-spot-1s-event-2025-06-18T18-00-00-000Z.csv"
"2025-06-26T12:30:00.000Z","1750941000000","GDP Growth Rate QoQ Final@1750941000000","国内生产总值（GDP）增长率季环比终值","GDP Growth Rate QoQ Final","","","","","","","3","United States","2025-06-26T12:00:00.000Z","2025-06-26T13:30:00.000Z","5400","complete","BTCUSDT-spot-1s-event-2025-06-26T12-30-00-000Z.csv"
"2025-07-03T12:30:00.000Z","1751545800000","Non Farm Payrolls@1751545800000;Unemployment Rate@1751545800000","非农就业人数；失业率","Non Farm Payrolls;Unemployment Rate",";",";",";",";",";",";","3;3","United States;United States","2025-07-03T12:00:00.000Z","2025-07-03T13:30:00.000Z","5400","complete","BTCUSDT-spot-1s-event-2025-07-03T12-30-00-000Z.csv"
"2025-07-15T12:30:00.000Z","1752582600000","Core Inflation Rate YoY@1752582600000;Inflation Rate YoY@1752582600000","核心通胀率同比；通胀率同比","Core Inflation Rate YoY;Inflation Rate YoY",";",";",";",";",";",";","3;3","United States;United States","2025-07-15T12:00:00.000Z","2025-07-15T13:30:00.000Z","5400","complete","BTCUSDT-spot-1s-event-2025-07-15T12-30-00-000Z.csv"
"2025-07-30T18:00:00.000Z","1753898400000","Fed Interest Rate Decision@1753898400000","美联储利率决议","Fed Interest Rate Decision","","","","","","","3","United States","2025-07-30T17:30:00.000Z","2025-07-30T19:00:00.000Z","5400","complete","BTCUSDT-spot-1s-event-2025-07-30T18-00-00-000Z.csv"
"2025-08-01T12:30:00.000Z","1754051400000","Non Farm Payrolls@1754051400000;Unemployment Rate@1754051400000","非农就业人数；失业率","Non Farm Payrolls;Unemployment Rate",";",";",";",";",";",";","3;3","United States;United States","2025-08-01T12:00:00.000Z","2025-08-01T13:30:00.000Z","5400","complete","BTCUSDT-spot-1s-event-2025-08-01T12-30-00-000Z.csv"
"2025-08-12T12:30:00.000Z","1755001800000","Core Inflation Rate YoY@1755001800000;Inflation Rate YoY@1755001800000","核心通胀率同比；通胀率同比","Core Inflation Rate YoY;Inflation Rate YoY",";",";",";",";",";",";","3;3","United States;United States","2025-08-12T12:00:00.000Z","2025-08-12T13:30:00.000Z","5400","complete","BTCUSDT-spot-1s-event-2025-08-12T12-30-00-000Z.csv"
"2025-09-05T12:30:00.000Z","1757075400000","Non Farm Payrolls@1757075400000;Unemployment Rate@1757075400000","非农就业人数；失业率","Non Farm Payrolls;Unemployment Rate",";",";",";",";",";",";","3;3","United States;United States","2025-09-05T12:00:00.000Z","2025-09-05T13:30:00.000Z","5400","complete","BTCUSDT-spot-1s-event-2025-09-05T12-30-00-000Z.csv"
"2025-09-11T12:30:00.000Z","1757593800000","Core Inflation Rate YoY@1757593800000;Inflation Rate YoY@1757593800000","核心通胀率同比；通胀率同比","Core Inflation Rate YoY;Inflation Rate YoY",";",";",";",";",";",";","3;3","United States;United States","2025-09-11T12:00:00.000Z","2025-09-11T13:30:00.000Z","5400","complete","BTCUSDT-spot-1s-event-2025-09-11T12-30-00-000Z.csv"
"2025-09-17T18:00:00.000Z","1758132000000","Fed Interest Rate Decision@1758132000000","美联储利率决议","Fed Interest Rate Decision","","","","","","","3","United States","2025-09-17T17:30:00.000Z","2025-09-17T19:00:00.000Z","5400","complete","BTCUSDT-spot-1s-event-2025-09-17T18-00-00-000Z.csv"
"2025-09-25T12:30:00.000Z","1758803400000","GDP Growth Rate QoQ Final@1758803400000","国内生产总值（GDP）增长率季环比终值","GDP Growth Rate QoQ Final","","","","","","","3","United States","2025-09-25T12:00:00.000Z","2025-09-25T13:30:00.000Z","5400","complete","BTCUSDT-spot-1s-event-2025-09-25T12-30-00-000Z.csv"
"2025-10-24T12:30:00.000Z","1761309000000","Core Inflation Rate YoY@1761309000000;Inflation Rate YoY@1761309000000","核心通胀率同比；通胀率同比","Core Inflation Rate YoY;Inflation Rate YoY",";",";",";",";",";",";","3;3","United States;United States","2025-10-24T12:00:00.000Z","2025-10-24T13:30:00.000Z","5400","complete","BTCUSDT-spot-1s-event-2025-10-24T12-30-00-000Z.csv"
"2025-10-29T18:00:00.000Z","1761760800000","Fed Interest Rate Decision@1761760800000","美联储利率决议","Fed Interest Rate Decision","","","","","","","3","United States","2025-10-29T17:30:00.000Z","2025-10-29T19:00:00.000Z","5400","complete","BTCUSDT-spot-1s-event-2025-10-29T18-00-00-000Z.csv"
"2025-11-20T13:30:00.000Z","1763645400000","Non Farm Payrolls@1763645400000;Unemployment Rate@1763645400000","非农就业人数；失业率","Non Farm Payrolls;Unemployment Rate",";",";",";",";",";",";","3;3","United States;United States","2025-11-20T13:00:00.000Z","2025-11-20T14:30:00.000Z","5400","complete","BTCUSDT-spot-1s-event-2025-11-20T13-30-00-000Z.csv"
"2025-12-10T19:00:00.000Z","1765393200000","Fed Interest Rate Decision@1765393200000","美联储利率决议","Fed Interest Rate Decision","","","","","","","3","United States","2025-12-10T18:30:00.000Z","2025-12-10T20:00:00.000Z","5400","complete","BTCUSDT-spot-1s-event-2025-12-10T19-00-00-000Z.csv"
"2025-12-16T13:30:00.000Z","1765891800000","Non Farm Payrolls@1765891800000;Unemployment Rate@1765891800000","非农就业人数；失业率","Non Farm Payrolls;Unemployment Rate",";",";",";",";",";",";","3;3","United States;United States","2025-12-16T13:00:00.000Z","2025-12-16T14:30:00.000Z","5400","complete","BTCUSDT-spot-1s-event-2025-12-16T13-30-00-000Z.csv"
"2025-12-18T13:30:00.000Z","1766064600000","Core Inflation Rate YoY@1766064600000;Inflation Rate YoY@1766064600000","核心通胀率同比；通胀率同比","Core Inflation Rate YoY;Inflation Rate YoY",";",";",";",";",";",";","3;3","United States;United States","2025-12-18T13:00:00.000Z","2025-12-18T14:30:00.000Z","5400","complete","BTCUSDT-spot-1s-event-2025-12-18T13-30-00-000Z.csv"
"2026-01-09T13:30:00.000Z","1767965400000","Non Farm Payrolls@1767965400000;Unemployment Rate@1767965400000","非农就业人数；失业率","Non Farm Payrolls;Unemployment Rate",";",";",";",";",";",";","3;3","United States;United States","2026-01-09T13:00:00.000Z","2026-01-09T14:30:00.000Z","5400","complete","BTCUSDT-spot-1s-event-2026-01-09T13-30-00-000Z.csv"
"2026-01-13T13:30:00.000Z","1768311000000","Core Inflation Rate YoY@1768311000000;Inflation Rate YoY@1768311000000","核心通胀率同比；通胀率同比","Core Inflation Rate YoY;Inflation Rate YoY",";",";",";",";",";",";","3;3","United States;United States","2026-01-13T13:00:00.000Z","2026-01-13T14:30:00.000Z","5400","complete","BTCUSDT-spot-1s-event-2026-01-13T13-30-00-000Z.csv"
"2026-01-22T13:30:00.000Z","1769088600000","GDP Growth Rate QoQ Final@1769088600000","国内生产总值（GDP）增长率季环比终值","GDP Growth Rate QoQ Final","","","","","","","3","United States","2026-01-22T13:00:00.000Z","2026-01-22T14:30:00.000Z","5400","complete","BTCUSDT-spot-1s-event-2026-01-22T13-30-00-000Z.csv"
"2026-01-28T19:00:00.000Z","1769626800000","Fed Interest Rate Decision@1769626800000","美联储利率决议","Fed Interest Rate Decision","","","","","","","3","United States","2026-01-28T18:30:00.000Z","2026-01-28T20:00:00.000Z","5400","complete","BTCUSDT-spot-1s-event-2026-01-28T19-00-00-000Z.csv"
"2026-02-11T13:30:00.000Z","1770816600000","Non Farm Payrolls@1770816600000;Unemployment Rate@1770816600000","非农就业人数；失业率","Non Farm Payrolls;Unemployment Rate",";",";",";",";",";",";","3;3","United States;United States","2026-02-11T13:00:00.000Z","2026-02-11T14:30:00.000Z","5400","complete","BTCUSDT-spot-1s-event-2026-02-11T13-30-00-000Z.csv"
"2026-02-13T13:30:00.000Z","1770989400000","Core Inflation Rate YoY@1770989400000;Inflation Rate YoY@1770989400000","核心通胀率同比；通胀率同比","Core Inflation Rate YoY;Inflation Rate YoY",";",";",";",";",";",";","3;3","United States;United States","2026-02-13T13:00:00.000Z","2026-02-13T14:30:00.000Z","5400","complete","BTCUSDT-spot-1s-event-2026-02-13T13-30-00-000Z.csv"
"2026-03-06T13:30:00.000Z","1772803800000","Non Farm Payrolls@1772803800000;Unemployment Rate@1772803800000","非农就业人数；失业率","Non Farm Payrolls;Unemployment Rate",";",";",";",";",";",";","3;3","United States;United States","2026-03-06T13:00:00.000Z","2026-03-06T14:30:00.000Z","5400","complete","BTCUSDT-spot-1s-event-2026-03-06T13-30-00-000Z.csv"
"2026-03-11T12:30:00.000Z","1773232200000","Core Inflation Rate YoY@1773232200000;Inflation Rate YoY@1773232200000","核心通胀率同比；通胀率同比","Core Inflation Rate YoY;Inflation Rate YoY",";",";",";",";",";",";","3;3","United States;United States","2026-03-11T12:00:00.000Z","2026-03-11T13:30:00.000Z","5400","complete","BTCUSDT-spot-1s-event-2026-03-11T12-30-00-000Z.csv"
"2026-03-18T18:00:00.000Z","1773856800000","Fed Interest Rate Decision@1773856800000","美联储利率决议","Fed Interest Rate Decision","","","","","","","3","United States","2026-03-18T17:30:00.000Z","2026-03-18T19:00:00.000Z","5400","complete","BTCUSDT-spot-1s-event-2026-03-18T18-00-00-000Z.csv"
"2026-04-03T12:30:00.000Z","1775219400000","Non Farm Payrolls@1775219400000;Unemployment Rate@1775219400000","非农就业人数；失业率","Non Farm Payrolls;Unemployment Rate",";",";",";",";",";",";","3;3","United States;United States","2026-04-03T12:00:00.000Z","2026-04-03T13:30:00.000Z","5400","complete","BTCUSDT-spot-1s-event-2026-04-03T12-30-00-000Z.csv"
"2026-04-09T12:30:00.000Z","1775737800000","GDP Growth Rate QoQ Final@1775737800000","国内生产总值（GDP）增长率季环比终值","GDP Growth Rate QoQ Final","","","","","","","3","United States","2026-04-09T12:00:00.000Z","2026-04-09T13:30:00.000Z","5400","complete","BTCUSDT-spot-1s-event-2026-04-09T12-30-00-000Z.csv"
"2026-04-10T12:30:00.000Z","1775824200000","Core Inflation Rate YoY@1775824200000;Inflation Rate YoY@1775824200000","核心通胀率同比；通胀率同比","Core Inflation Rate YoY;Inflation Rate YoY",";",";",";",";",";",";","3;3","United States;United States","2026-04-10T12:00:00.000Z","2026-04-10T13:30:00.000Z","5400","complete","BTCUSDT-spot-1s-event-2026-04-10T12-30-00-000Z.csv"
"2026-04-29T18:00:00.000Z","1777485600000","Fed Interest Rate Decision@1777485600000","美联储利率决议","Fed Interest Rate Decision","","","","","","","3","United States","2026-04-29T17:30:00.000Z","2026-04-29T19:00:00.000Z","5400","complete","BTCUSDT-spot-1s-event-2026-04-29T18-00-00-000Z.csv"
"2026-05-08T12:30:00.000Z","1778243400000","Non Farm Payrolls@1778243400000;Unemployment Rate@1778243400000","非农就业人数；失业率","Non Farm Payrolls;Unemployment Rate",";",";",";",";",";",";","3;3","United States;United States","2026-05-08T12:00:00.000Z","2026-05-08T13:30:00.000Z","5400","complete","BTCUSDT-spot-1s-event-2026-05-08T12-30-00-000Z.csv"
"2026-05-12T12:30:00.000Z","1778589000000","Core Inflation Rate YoY@1778589000000;Inflation Rate YoY@1778589000000","核心通胀率同比；通胀率同比","Core Inflation Rate YoY;Inflation Rate YoY",";",";",";",";",";",";","3;3","United States;United States","2026-05-12T12:00:00.000Z","2026-05-12T13:30:00.000Z","5400","complete","BTCUSDT-spot-1s-event-2026-05-12T12-30-00-000Z.csv"
"2026-06-05T12:30:00.000Z","1780662600000","Non Farm Payrolls@1780662600000;Unemployment Rate@1780662600000","非农就业人数；失业率","Non Farm Payrolls;Unemployment Rate",";",";",";",";",";",";","3;3","United States;United States","2026-06-05T12:00:00.000Z","2026-06-05T13:30:00.000Z","5400","complete","BTCUSDT-spot-1s-event-2026-06-05T12-30-00-000Z.csv"
"2026-06-09T14:00:00.000Z","1781013600000","398919","成屋销售量","Existing Home Sales","4.17M","4.07M","4.04M","4.02M","M","","3","United States","2026-06-09T13:30:00.000Z","2026-06-09T15:00:00.000Z","5400","complete","BTCUSDT-spot-1s-event-2026-06-09T14-00-00-000Z.csv"
"2026-06-10T12:30:00.000Z","1781094600000","Core Inflation Rate YoY@1781094600000;Inflation Rate YoY@1781094600000","核心通胀率同比；通胀率同比","Core Inflation Rate YoY;Inflation Rate YoY",";",";",";",";",";",";","3;3","United States;United States","2026-06-10T12:00:00.000Z","2026-06-10T13:30:00.000Z","5400","complete","BTCUSDT-spot-1s-event-2026-06-10T12-30-00-000Z.csv"
"2026-06-11T12:30:00.000Z","1781181000000","398657","生产者价格指数环比","PPI MoM","1.1%","0.7%","1.1%","1.4%","%","","3","United States","2026-06-11T12:00:00.000Z","2026-06-11T13:30:00.000Z","5400","complete","BTCUSDT-spot-1s-event-2026-06-11T12-30-00-000Z.csv"
"2026-06-12T14:00:00.000Z","1781272800000","396028","密歇根大学消费者信心指数初值","Michigan Consumer Sentiment Prel","48.9","46","44.8","","","","3","United States","2026-06-12T13:30:00.000Z","2026-06-12T15:00:00.000Z","5400","complete","BTCUSDT-spot-1s-event-2026-06-12T14-00-00-000Z.csv"
"2026-06-16T12:30:00.000Z","1781613000000","397979;397981","建筑许可数量初值；新屋开工数量","Building Permits Prel;Housing Starts","1.413M;1.177M","1.42M;1.43M","1.423M;1.392M",";1.465M","M;M",";","3;3","United States;United States","2026-06-16T12:00:00.000Z","2026-06-16T13:30:00.000Z","5400","complete","BTCUSDT-spot-1s-event-2026-06-16T12-30-00-000Z.csv"
"2026-06-17T12:30:00.000Z","1781699400000","398321","零售销售环比","Retail Sales MoM","0.9%","0.5%","0.4%","0.5%","%","","3","United States","2026-06-17T12:00:00.000Z","2026-06-17T13:30:00.000Z","5400","complete","BTCUSDT-spot-1s-event-2026-06-17T12-30-00-000Z.csv"
"2026-06-17T18:00:00.000Z","1781719200000","Fed Interest Rate Decision@1781719200000","美联储利率决议","Fed Interest Rate Decision","","","","","","","3","United States","2026-06-17T17:30:00.000Z","2026-06-17T19:00:00.000Z","5400","complete","BTCUSDT-spot-1s-event-2026-06-17T18-00-00-000Z.csv"
"2026-06-17T18:30:00.000Z","1781721000000","390633","美联储新闻发布会","Fed Press Conference","","","","","","","3","United States","2026-06-17T18:00:00.000Z","2026-06-17T19:30:00.000Z","5400","complete","BTCUSDT-spot-1s-event-2026-06-17T18-30-00-000Z.csv"
"2026-06-25T12:30:00.000Z","1782390600000","GDP Growth Rate QoQ Final@1782390600000","国内生产总值（GDP）增长率季环比终值","GDP Growth Rate QoQ Final","","","","","","","3","United States","2026-06-25T12:00:00.000Z","2026-06-25T13:30:00.000Z","5400","complete","BTCUSDT-spot-1s-event-2026-06-25T12-30-00-000Z.csv"
"2026-06-30T14:00:00.000Z","1782828000000","398284","职位空缺与劳动力流动调查（JOLTs）职位空缺数","JOLTs Job Openings","7.594M","7.30M","7.585M","7.618M","M","","3","United States","2026-06-30T13:30:00.000Z","2026-06-30T15:00:00.000Z","5400","complete","BTCUSDT-spot-1s-event-2026-06-30T14-00-00-000Z.csv"
"2026-07-01T13:00:00.000Z","1782910800000","420648","美联储主席Warsh讲话","Fed Chair Warsh Speech","","","","","","","3","United States","2026-07-01T12:30:00.000Z","2026-07-01T14:00:00.000Z","5400","complete","BTCUSDT-spot-1s-event-2026-07-01T13-00-00-000Z.csv"
"2026-07-01T14:00:00.000Z","1782914400000","396164","ISM制造业采购经理人指数","ISM Manufacturing PMI","53.3","54","54.0","","","","3","United States","2026-07-01T13:30:00.000Z","2026-07-01T15:00:00.000Z","5400","complete","BTCUSDT-spot-1s-event-2026-07-01T14-00-00-000Z.csv"
"2026-07-02T12:30:00.000Z","1782995400000","Non Farm Payrolls@1782995400000;Unemployment Rate@1782995400000","非农就业人数；失业率","Non Farm Payrolls;Unemployment Rate",";",";",";",";",";",";","3;3","United States;United States","2026-07-02T12:00:00.000Z","2026-07-02T13:30:00.000Z","5400","complete","BTCUSDT-spot-1s-event-2026-07-02T12-30-00-000Z.csv"
"2026-07-06T14:00:00.000Z","1783346400000","396215","ISM服务业采购经理人指数","ISM Services PMI","54.0","54","54.5","","","","3","United States","2026-07-06T13:30:00.000Z","2026-07-06T15:00:00.000Z","5400","complete","BTCUSDT-spot-1s-event-2026-07-06T14-00-00-000Z.csv"
"2026-07-08T18:00:00.000Z","1783533600000","390609","联邦公开市场委员会（FOMC）会议纪要","FOMC Minutes","","","","","","","3","United States","2026-07-08T17:30:00.000Z","2026-07-08T19:00:00.000Z","5400","complete","BTCUSDT-spot-1s-event-2026-07-08T18-00-00-000Z.csv"
"2026-07-09T14:00:00.000Z","1783605600000","398097","成屋销售量","Existing Home Sales","4.09M","4.20M","4.19M","4.17M","M","","3","United States","2026-07-09T13:30:00.000Z","2026-07-09T15:00:00.000Z","5400","complete","BTCUSDT-spot-1s-event-2026-07-09T14-00-00-000Z.csv"
"2026-07-14T12:30:00.000Z","1784032200000","Core Inflation Rate YoY@1784032200000;Inflation Rate YoY@1784032200000","核心通胀率同比；通胀率同比","Core Inflation Rate YoY;Inflation Rate YoY",";",";",";",";",";",";","3;3","United States;United States","2026-07-14T12:00:00.000Z","2026-07-14T13:30:00.000Z","5400","complete","BTCUSDT-spot-1s-event-2026-07-14T12-30-00-000Z.csv"
"2026-07-14T14:00:00.000Z","1784037600000","420649","美联储主席Warsh作证","Fed Chair Warsh Testimony","","","","","","","3","United States","2026-07-14T13:30:00.000Z","2026-07-14T15:00:00.000Z","5400","complete","BTCUSDT-spot-1s-event-2026-07-14T14-00-00-000Z.csv"
"2026-07-15T12:30:00.000Z","1784118600000","397915","生产者价格指数环比","PPI MoM","-0.3%","0%","0.6%","1.1%","%","","3","United States","2026-07-15T12:00:00.000Z","2026-07-15T13:30:00.000Z","5400","complete","BTCUSDT-spot-1s-event-2026-07-15T12-30-00-000Z.csv"
"2026-07-15T14:00:00.000Z","1784124000000","420851","美联储主席Warsh作证","Fed Chair Warsh Testimony","","","","","","","3","United States","2026-07-15T13:30:00.000Z","2026-07-15T15:00:00.000Z","5400","complete","BTCUSDT-spot-1s-event-2026-07-15T14-00-00-000Z.csv"
"2026-07-16T12:30:00.000Z","1784205000000","399061","零售销售环比","Retail Sales MoM","0.2%","0.2%","1%","0.9%","%","","3","United States","2026-07-16T12:00:00.000Z","2026-07-16T13:30:00.000Z","5400","complete","BTCUSDT-spot-1s-event-2026-07-16T12-30-00-000Z.csv"
"2026-07-17T12:30:00.000Z","1784291400000","398663;398706","新屋开工数量；建筑许可数量初值","Housing Starts;Building Permits Prel","1.427M;1.367M","1.31M;1.40M","1.199M;1.41M","1.177M;","M;M",";","3;3","United States;United States","2026-07-17T12:00:00.000Z","2026-07-17T13:30:00.000Z","5400","complete","BTCUSDT-spot-1s-event-2026-07-17T12-30-00-000Z.csv"
"2026-07-17T14:00:00.000Z","1784296800000","396308","密歇根大学消费者信心指数初值","Michigan Consumer Sentiment Prel","54.4","51","49.5","","","","3","United States","2026-07-17T13:30:00.000Z","2026-07-17T15:00:00.000Z","5400","complete","BTCUSDT-spot-1s-event-2026-07-17T14-00-00-000Z.csv"
"2026-07-27T12:30:00.000Z","1785155400000","397953","耐用品订单环比","Durable Goods Orders MoM","0.3%","2.5%","-4%","-4.5%","%","","3","United States","2026-07-27T12:00:00.000Z","2026-07-27T13:30:00.000Z","5400","complete","BTCUSDT-spot-1s-event-2026-07-27T12-30-00-000Z.csv"
"2026-07-29T18:00:00.000Z","1785348000000","Fed Interest Rate Decision@1785348000000","美联储利率决议","Fed Interest Rate Decision","","","","","","","3","United States","2026-07-29T17:30:00.000Z","2026-07-29T19:00:00.000Z","5400","complete","BTCUSDT-spot-1s-event-2026-07-29T18-00-00-000Z.csv"
"2026-07-29T18:30:00.000Z","1785349800000","390634","美联储新闻发布会","Fed Press Conference","","","","","","","3","United States","2026-07-29T18:00:00.000Z","2026-07-29T19:30:00.000Z","5400","complete","BTCUSDT-spot-1s-event-2026-07-29T18-30-00-000Z.csv"
"2026-07-30T12:30:00.000Z","1785414600000","398050;398110;398216;398770","GDP增长率季环比（预估值）；个人支出环比；核心个人消费支出（PCE）价格指数环比；个人收入环比","GDP Growth Rate QoQ Adv;Personal Spending MoM;Core PCE Price Index MoM;Personal Income MoM","1.5%;0.3%;0.1%;0.2%","2.1%;0.3%;0.2%;0.3%","2.1%;0.9%;0.3%;0.7%",";0.7%;;","%;%;%;%",";;;","3;3;3;3","United States;United States;United States;United States","2026-07-30T12:00:00.000Z","2026-07-30T13:30:00.000Z","5400","complete","BTCUSDT-spot-1s-event-2026-07-30T12-30-00-000Z.csv"
"2026-08-03T14:00:00.000Z","1785765600000","396435","ISM制造业采购经理人指数","ISM Manufacturing PMI","55.6","54","53.3","","","","3","United States","2026-08-03T13:30:00.000Z","2026-08-03T15:00:00.000Z","5400","complete","BTCUSDT-spot-1s-event-2026-08-03T14-00-00-000Z.csv"
"2026-08-04T14:00:00.000Z","1785852000000","399057","职位空缺与劳动力流动调查（JOLTs）职位空缺数","JOLTs Job Openings","7.359M","7.4M","7.537M","7.594M","M","","3","United States","2026-08-04T13:30:00.000Z","2026-08-04T15:00:00.000Z","5400","complete","BTCUSDT-spot-1s-event-2026-08-04T14-00-00-000Z.csv"
"2026-08-05T14:00:00.000Z","1785938400000","396466","ISM服务业采购经理人指数","ISM Services PMI","54.1","54.5","54.0","","","","3","United States","2026-08-05T13:30:00.000Z","2026-08-05T15:00:00.000Z","5400","complete","BTCUSDT-spot-1s-event-2026-08-05T14-00-00-000Z.csv"
"2026-08-07T12:30:00.000Z","1786105800000","Non Farm Payrolls@1786105800000;Unemployment Rate@1786105800000","非农就业人数；失业率","Non Farm Payrolls;Unemployment Rate",";",";",";",";",";",";","3;3","United States;United States","2026-08-07T12:00:00.000Z","2026-08-07T13:30:00.000Z","5400","complete","BTCUSDT-spot-1s-event-2026-08-07T12-30-00-000Z.csv"
"2026-08-11T14:00:00.000Z","1786456800000","398421","成屋销售量","Existing Home Sales","4.06M","4.05M","4.13M","4.09M","M","","3","United States","2026-08-11T13:30:00.000Z","2026-08-11T15:00:00.000Z","5400","complete","BTCUSDT-spot-1s-event-2026-08-11T14-00-00-000Z.csv"
"2026-08-12T12:30:00.000Z","1786537800000","Core Inflation Rate YoY@1786537800000;Inflation Rate YoY@1786537800000","核心通胀率同比；通胀率同比","Core Inflation Rate YoY;Inflation Rate YoY",";",";",";",";",";",";","3;3","United States;United States","2026-08-12T12:00:00.000Z","2026-08-12T13:30:00.000Z","5400","complete","BTCUSDT-spot-1s-event-2026-08-12T12-30-00-000Z.csv"
"2026-08-13T12:30:00.000Z","1786624200000","399062","生产者价格指数环比","PPI MoM","0%","0.2%","-0.1%","-0.3%","%","","3","United States","2026-08-13T12:00:00.000Z","2026-08-13T13:30:00.000Z","5400","complete","BTCUSDT-spot-1s-event-2026-08-13T12-30-00-000Z.csv"
"2026-08-14T12:30:00.000Z","1786710600000","398906","零售销售环比","Retail Sales MoM","-0.6%","0.1%","0.2%","","%","","3","United States","2026-08-14T12:00:00.000Z","2026-08-14T13:30:00.000Z","5400","complete","BTCUSDT-spot-1s-event-2026-08-14T12-30-00-000Z.csv"
"2026-08-14T14:00:00.000Z","1786716000000","396548","密歇根大学消费者信心指数初值","Michigan Consumer Sentiment Prel","51.0","54.5","55.2","","","","3","United States","2026-08-14T13:30:00.000Z","2026-08-14T15:00:00.000Z","5400","complete","BTCUSDT-spot-1s-event-2026-08-14T14-00-00-000Z.csv"
"2026-08-18T12:30:00.000Z","1787056200000","398326;398809","新屋开工数量；建筑许可数量初值","Housing Starts;Building Permits Prel","1.239M;1.443M","1.35M;1.37M","1.415M;1.374M","1.427M;","M;M",";","3;3","United States;United States","2026-08-18T12:00:00.000Z","2026-08-18T13:30:00.000Z","5400","complete","BTCUSDT-spot-1s-event-2026-08-18T12-30-00-000Z.csv"
"2026-08-19T18:00:00.000Z","1787162400000","390610","联邦公开市场委员会（FOMC）会议纪要","FOMC Minutes","","","","","","","3","United States","2026-08-19T17:30:00.000Z","2026-08-19T19:00:00.000Z","5400","complete","BTCUSDT-spot-1s-event-2026-08-19T18-00-00-000Z.csv"
"2026-08-26T12:30:00.000Z","1787747400000","397987;398577;398984;399129;399163","个人支出环比；个人收入环比；耐用品订单环比；核心个人消费支出（PCE）价格指数环比；国内生产总值（GDP）增长率季环比第二次估值","Personal Spending MoM;Personal Income MoM;Durable Goods Orders MoM;Core PCE Price Index MoM;GDP Growth Rate QoQ 2nd Est","0.2%;0.4%;1.1%;0.2%;1.5%","0.1%;0.2%;0.5%;0.2%;1.5%","0.3%;0.2%;0.5%;0.1%;2.1%",";;0.3%;;","%;%;%;%;%",";;;;","3;3;3;3;3","United States;United States;United States;United States;United States","2026-08-26T12:00:00.000Z","2026-08-26T13:30:00.000Z","5400","complete","BTCUSDT-spot-1s-event-2026-08-26T12-30-00-000Z.csv"
"2026-08-28T14:00:00.000Z","1787925600000","420972;421027","非农就业人数年度修正初值；美联储主席Warsh讲话","Non Farm Payrolls Annual Revision Prel;Fed Chair Warsh Speech","-79K;",";","-911K;",";","K;",";","3;3","United States;United States","2026-08-28T13:30:00.000Z","2026-08-28T15:00:00.000Z","5400","complete","BTCUSDT-spot-1s-event-2026-08-28T14-00-00-000Z.csv"
"2026-09-01T14:00:00.000Z","1788271200000","396677;397904","ISM制造业采购经理人指数；职位空缺与劳动力流动调查（JOLTs）职位空缺数","ISM Manufacturing PMI;JOLTs Job Openings","54.6;7.271M","55.2;7.3M","55.6;7.182M",";7.359M",";M",";","3;3","United States;United States","2026-09-01T13:30:00.000Z","2026-09-01T15:00:00.000Z","5400","complete","BTCUSDT-spot-1s-event-2026-09-01T14-00-00-000Z.csv"
"2026-09-03T14:00:00.000Z","1788444000000","396719","ISM服务业采购经理人指数","ISM Services PMI","55.4","54.3","54.1","","","","3","United States","2026-09-03T13:30:00.000Z","2026-09-03T15:00:00.000Z","5400","complete","BTCUSDT-spot-1s-event-2026-09-03T14-00-00-000Z.csv"
"2026-09-04T12:30:00.000Z","1788525000000","Non Farm Payrolls@1788525000000;Unemployment Rate@1788525000000","非农就业人数；失业率","Non Farm Payrolls;Unemployment Rate",";",";",";",";",";",";","3;3","United States;United States","2026-09-04T12:00:00.000Z","2026-09-04T13:30:00.000Z","5400","complete","BTCUSDT-spot-1s-event-2026-09-04T12-30-00-000Z.csv"
