"calendarId","dateUTC","date","region","category","event","event_zh","importance","actual","forecast","previous","prevInitial","refDate","dateSpan","uTime","ccy","unit"
"396731","2026-09-04T12:30:00.000Z","1788525000000","United States","Non Farm Payrolls","Non Farm Payrolls","非农就业人数","3","162K","56K","21K","-23K","1788134400000","0","1788525003067","","K"
"396733","2026-09-04T12:30:00.000Z","1788525000000","United States","Unemployment Rate","Unemployment Rate","失业率","3","4.1%","4.1%","4.1%","","1788134400000","0","1788525003447","","%"
"396719","2026-09-03T14:00:00.000Z","1788444000000","United States","Non Manufacturing PMI","ISM Services PMI","ISM服务业采购经理人指数","3","55.4","54.3","54.1","","1788134400000","0","1788444000580","",""
"396677","2026-09-01T14:00:00.000Z","1788271200000","United States","Business Confidence","ISM Manufacturing PMI","ISM制造业采购经理人指数","3","54.6","55.2","55.6","","1788134400000","0","1788271200860","",""
"397904","2026-09-01T14:00:00.000Z","1788271200000","United States","Job Offers","JOLTs Job Openings","职位空缺与劳动力流动调查（JOLTs）职位空缺数","3","7.271M","7.3M","7.182M","7.359M","1785456000000","0","1788271203133","","M"
"420972","2026-08-28T14:00:00.000Z","1787925600000","United States","Non Farm Payrolls","Non Farm Payrolls Annual Revision Prel","非农就业人数年度修正初值","3","-79K","","-911K","","","0","1787925640660","","K"
"421027","2026-08-28T14:00:00.000Z","1787925600000","United States","Interest Rate","Fed Chair Warsh Speech","美联储主席Warsh讲话","3","","","","","","0","1787326378280","",""
"397987","2026-08-26T12:30:00.000Z","1787747400000","United States","Personal Spending","Personal Spending MoM","个人支出环比","3","0.2%","0.1%","0.3%","","1785456000000","0","1787747408597","","%"
"398577","2026-08-26T12:30:00.000Z","1787747400000","United States","Personal Income","Personal Income MoM","个人收入环比","3","0.4%","0.2%","0.2%","","1785456000000","0","1787747408440","","%"
"398984","2026-08-26T12:30:00.000Z","1787747400000","United States","Durable Goods Orders","Durable Goods Orders MoM","耐用品订单环比","3","1.1%","0.5%","0.5%","0.3%","1785456000000","0","1787747658323","","%"
"399129","2026-08-26T12:30:00.000Z","1787747400000","United States","Core PCE Price Index MoM","Core PCE Price Index MoM","核心个人消费支出（PCE）价格指数环比","3","0.2%","0.2%","0.1%","","1785456000000","0","1787747408440","","%"
"399163","2026-08-26T12:30:00.000Z","1787747400000","United States","GDP Growth Rate","GDP Growth Rate QoQ 2nd Est","国内生产总值（GDP）增长率季环比第二次估值","3","1.5%","1.5%","2.1%","","1782777600000","0","1787747410247","","%"
"390610","2026-08-19T18:00:00.000Z","1787162400000","United States","Interest Rate","FOMC Minutes","联邦公开市场委员会（FOMC）会议纪要","3","","","","","","0","1735312101983","",""
"398326","2026-08-18T12:30:00.000Z","1787056200000","United States","Housing Starts","Housing Starts","新屋开工数量","3","1.239M","1.35M","1.415M","1.427M","1785456000000","0","1787056204024","","M"
"398809","2026-08-18T12:30:00.000Z","1787056200000","United States","Building Permits","Building Permits Prel","建筑许可数量初值","3","1.443M","1.37M","1.374M","","1785456000000","0","1787056202098","","M"
"396548","2026-08-14T14:00:00.000Z","1786716000000","United States","Consumer Confidence","Michigan Consumer Sentiment Prel","密歇根大学消费者信心指数初值","3","51.0","54.5","55.2","","1788134400000","0","1786716002085","",""
"398906","2026-08-14T12:30:00.000Z","1786710600000","United States","Retail Sales MoM","Retail Sales MoM","零售销售环比","3","-0.6%","0.1%","0.2%","","1785456000000","0","1786710602048","","%"
"399062","2026-08-13T12:30:00.000Z","1786624200000","United States","Producer Price Inflation MoM","PPI MoM","生产者价格指数环比","3","0%","0.2%","-0.1%","-0.3%","1785456000000","0","1786624251089","","%"
"398051","2026-08-12T12:30:00.000Z","1786537800000","United States","Inflation Rate","Inflation Rate YoY","通胀率同比","3","3.4%","3.4%","3.5%","","1785456000000","0","1786537803024","","%"
"398411","2026-08-12T12:30:00.000Z","1786537800000","United States","Core Inflation Rate MoM","Core Inflation Rate MoM","核心通胀率环比","3","0.2%","0.2%","0%","","1785456000000","0","1786537804323","","%"
"398548","2026-08-12T12:30:00.000Z","1786537800000","United States","Core Inflation Rate","Core Inflation Rate YoY","核心通胀率同比","3","2.5%","2.5%","2.6%","","1785456000000","0","1786537804323","","%"
"398841","2026-08-12T12:30:00.000Z","1786537800000","United States","Inflation Rate Mom","Inflation Rate MoM","通胀率环比","3","0.1%","0.1%","-0.4%","","1785456000000","0","1786537804287","","%"
"398421","2026-08-11T14:00:00.000Z","1786456800000","United States","Existing Home Sales","Existing Home Sales","成屋销售量","3","4.06M","4.05M","4.13M","4.09M","1785456000000","0","1786456807066","","M"
"396495","2026-08-07T12:30:00.000Z","1786105800000","United States","Non Farm Payrolls","Non Farm Payrolls","非农就业人数","3","-23K","80K","20K","57K","1785456000000","0","1786105803197","","K"
"396499","2026-08-07T12:30:00.000Z","1786105800000","United States","Unemployment Rate","Unemployment Rate","失业率","3","4.1%","4.2%","4.2%","","1785456000000","0","1786105803557","","%"
"396466","2026-08-05T14:00:00.000Z","1785938400000","United States","Non Manufacturing PMI","ISM Services PMI","ISM服务业采购经理人指数","3","54.1","54.5","54.0","","1785456000000","0","1785938401071","",""
"399057","2026-08-04T14:00:00.000Z","1785852000000","United States","Job Offers","JOLTs Job Openings","职位空缺与劳动力流动调查（JOLTs）职位空缺数","3","7.359M","7.4M","7.537M","7.594M","1782777600000","0","1785852002733","","M"
"396435","2026-08-03T14:00:00.000Z","1785765600000","United States","Business Confidence","ISM Manufacturing PMI","ISM制造业采购经理人指数","3","55.6","54","53.3","","1785456000000","0","1785765600953","",""
"398050","2026-07-30T12:30:00.000Z","1785414600000","United States","GDP Growth Rate","GDP Growth Rate QoQ Adv","GDP增长率季环比（预估值）","3","1.5%","2.1%","2.1%","","1782777600000","0","1785414613223","","%"
"398110","2026-07-30T12:30:00.000Z","1785414600000","United States","Personal Spending","Personal Spending MoM","个人支出环比","3","0.3%","0.3%","0.9%","0.7%","1782777600000","0","1785414606223","","%"
"398216","2026-07-30T12:30:00.000Z","1785414600000","United States","Core PCE Price Index MoM","Core PCE Price Index MoM","核心个人消费支出（PCE）价格指数环比","3","0.1%","0.2%","0.3%","","1782777600000","0","1785414606063","","%"
"398770","2026-07-30T12:30:00.000Z","1785414600000","United States","Personal Income","Personal Income MoM","个人收入环比","3","0.2%","0.3%","0.7%","","1782777600000","0","1785414605987","","%"
"390634","2026-07-29T18:30:00.000Z","1785349800000","United States","Interest Rate","Fed Press Conference","美联储新闻发布会","3","","","","","","0","1735321487058","",""
"390603","2026-07-29T18:00:00.000Z","1785348000000","United States","Interest Rate","Fed Interest Rate Decision","美联储利率决议","3","3.75%","3.75%","3.75%","","1785283200000","0","1785348017167","","%"
"397953","2026-07-27T12:30:00.000Z","1785155400000","United States","Durable Goods Orders","Durable Goods Orders MoM","耐用品订单环比","3","0.3%","2.5%","-4%","-4.5%","1782777600000","0","1785155437933","","%"
"396308","2026-07-17T14:00:00.000Z","1784296800000","United States","Consumer Confidence","Michigan Consumer Sentiment Prel","密歇根大学消费者信心指数初值","3","54.4","51","49.5","","1785456000000","0","1784296802343","",""
"398663","2026-07-17T12:30:00.000Z","1784291400000","United States","Housing Starts","Housing Starts","新屋开工数量","3","1.427M","1.31M","1.199M","1.177M","1782777600000","0","1784291405443","","M"
"398706","2026-07-17T12:30:00.000Z","1784291400000","United States","Building Permits","Building Permits Prel","建筑许可数量初值","3","1.367M","1.40M","1.41M","","1782777600000","0","1784291403029","","M"
"399061","2026-07-16T12:30:00.000Z","1784205000000","United States","Retail Sales MoM","Retail Sales MoM","零售销售环比","3","0.2%","0.2%","1%","0.9%","1782777600000","0","1784205005217","","%"
"420851","2026-07-15T14:00:00.000Z","1784124000000","United States","Interest Rate","Fed Chair Warsh Testimony","美联储主席Warsh作证","3","","","","","","0","1783691059867","",""
"397915","2026-07-15T12:30:00.000Z","1784118600000","United States","Producer Price Inflation MoM","PPI MoM","生产者价格指数环比","3","-0.3%","0%","0.6%","1.1%","1782777600000","0","1784118603763","","%"
"420649","2026-07-14T14:00:00.000Z","1784037600000","United States","Interest Rate","Fed Chair Warsh Testimony","美联储主席Warsh作证","3","","","","","","0","1782470657082","",""
"397907","2026-07-14T12:30:00.000Z","1784032200000","United States","Core Inflation Rate","Core Inflation Rate YoY","核心通胀率同比","3","2.6%","2.8%","2.9%","","1782777600000","0","1784032203267","","%"
"398185","2026-07-14T12:30:00.000Z","1784032200000","United States","Inflation Rate","Inflation Rate YoY","通胀率同比","3","3.5%","3.8%","4.2%","","1782777600000","0","1784032202877","","%"
"398817","2026-07-14T12:30:00.000Z","1784032200000","United States","Core Inflation Rate MoM","Core Inflation Rate MoM","核心通胀率环比","3","0%","0.2%","0.2%","","1782777600000","0","1784032203223","","%"
"399237","2026-07-14T12:30:00.000Z","1784032200000","United States","Inflation Rate Mom","Inflation Rate MoM","通胀率环比","3","-0.4%","-0.1%","0.5%","","1782777600000","0","1784032203025","","%"
"398097","2026-07-09T14:00:00.000Z","1783605600000","United States","Existing Home Sales","Existing Home Sales","成屋销售量","3","4.09M","4.20M","4.19M","4.17M","1782777600000","0","1783605600063","","M"
"390609","2026-07-08T18:00:00.000Z","1783533600000","United States","Interest Rate","FOMC Minutes","联邦公开市场委员会（FOMC）会议纪要","3","","","","","","0","1735312038237","",""
"396215","2026-07-06T14:00:00.000Z","1783346400000","United States","Non Manufacturing PMI","ISM Services PMI","ISM服务业采购经理人指数","3","54.0","54","54.5","","1782777600000","0","1783346400095","",""
"396202","2026-07-02T12:30:00.000Z","1782995400000","United States","Non Farm Payrolls","Non Farm Payrolls","非农就业人数","3","57K","110K","129K","172K","1782777600000","0","1782995403357","","K"
"396204","2026-07-02T12:30:00.000Z","1782995400000","United States","Unemployment Rate","Unemployment Rate","失业率","3","4.2%","4.3%","4.3%","","1782777600000","0","1782995404347","","%"
"396164","2026-07-01T14:00:00.000Z","1782914400000","United States","Business Confidence","ISM Manufacturing PMI","ISM制造业采购经理人指数","3","53.3","54","54.0","","1782777600000","0","1782914402333","",""
"420648","2026-07-01T13:00:00.000Z","1782910800000","United States","Interest Rate","Fed Chair Warsh Speech","美联储主席Warsh讲话","3","","","","","","0","1782470448907","",""
"398284","2026-06-30T14:00:00.000Z","1782828000000","United States","Job Offers","JOLTs Job Openings","职位空缺与劳动力流动调查（JOLTs）职位空缺数","3","7.594M","7.30M","7.585M","7.618M","1780185600000","0","1782828003016","","M"
"398225","2026-06-25T12:30:00.000Z","1782390600000","United States","GDP Growth Rate","GDP Growth Rate QoQ Final","国内生产总值（GDP）增长率季环比终值","3","2.1%","1.6%","0.5%","","1774915200000","0","1782390607763","","%"
"398658","2026-06-25T12:30:00.000Z","1782390600000","United States","Durable Goods Orders","Durable Goods Orders MoM","耐用品订单环比","3","-4.5%","-4.5%","8.5%","7.9%","1780185600000","0","1782390605004","","%"
"398795","2026-06-25T12:30:00.000Z","1782390600000","United States","Personal Spending","Personal Spending MoM","个人支出环比","3","0.7%","0.6%","0.4%","0.5%","1780185600000","0","1782390609067","","%"
"398847","2026-06-25T12:30:00.000Z","1782390600000","United States","Core PCE Price Index MoM","Core PCE Price Index MoM","核心个人消费支出（PCE）价格指数环比","3","0.3%","0.3%","0.3%","0.2%","1780185600000","0","1782390608046","","%"
"399059","2026-06-25T12:30:00.000Z","1782390600000","United States","Personal Income","Personal Income MoM","个人收入环比","3","0.7%","0.4%","0%","0%","1780185600000","0","1782391287987","","%"
"390633","2026-06-17T18:30:00.000Z","1781721000000","United States","Interest Rate","Fed Press Conference","美联储新闻发布会","3","","","","","","0","1735321433017","",""
"390602","2026-06-17T18:00:00.000Z","1781719200000","United States","Interest Rate","Fed Interest Rate Decision","美联储利率决议","3","3.75%","3.75%","3.75%","","1781654400000","0","1781719242403","","%"
"390617","2026-06-17T18:00:00.000Z","1781719200000","United States","Interest Rate","FOMC Economic Projections","联邦公开市场委员会（FOMC）经济预测","3","","","","","","0","1735314798433","",""
"398321","2026-06-17T12:30:00.000Z","1781699400000","United States","Retail Sales MoM","Retail Sales MoM","零售销售环比","3","0.9%","0.5%","0.4%","0.5%","1780185600000","0","1781699405007","","%"
"397979","2026-06-16T12:30:00.000Z","1781613000000","United States","Building Permits","Building Permits Prel","建筑许可数量初值","3","1.413M","1.42M","1.423M","","1780185600000","0","1781613003803","","M"
"397981","2026-06-16T12:30:00.000Z","1781613000000","United States","Housing Starts","Housing Starts","新屋开工数量","3","1.177M","1.43M","1.392M","1.465M","1780185600000","0","1781613001467","","M"
"396028","2026-06-12T14:00:00.000Z","1781272800000","United States","Consumer Confidence","Michigan Consumer Sentiment Prel","密歇根大学消费者信心指数初值","3","48.9","46","44.8","","1782777600000","0","1781272801082","",""
"398657","2026-06-11T12:30:00.000Z","1781181000000","United States","Producer Price Inflation MoM","PPI MoM","生产者价格指数环比","3","1.1%","0.7%","1.1%","1.4%","1780185600000","0","1781181004943","","%"
"398100","2026-06-10T12:30:00.000Z","1781094600000","United States","Core Inflation Rate MoM","Core Inflation Rate MoM","核心通胀率环比","3","0.2%","0.3%","0.4%","","1780185600000","0","1781094603393","","%"
"398527","2026-06-10T12:30:00.000Z","1781094600000","United States","Inflation Rate Mom","Inflation Rate MoM","通胀率环比","3","0.5%","0.5%","0.6%","","1780185600000","0","1781094603257","","%"
"398869","2026-06-10T12:30:00.000Z","1781094600000","United States","Core Inflation Rate","Core Inflation Rate YoY","核心通胀率同比","3","2.9%","2.9%","2.8%","","1780185600000","0","1781094603727","","%"
"398901","2026-06-10T12:30:00.000Z","1781094600000","United States","Inflation Rate","Inflation Rate YoY","通胀率同比","3","4.2%","4.2%","3.8%","","1780185600000","0","1781094603048","","%"
"398919","2026-06-09T14:00:00.000Z","1781013600000","United States","Existing Home Sales","Existing Home Sales","成屋销售量","3","4.17M","4.07M","4.04M","4.02M","1780185600000","0","1781013601018","","M"
